{"si_sdr": 3.616569607653655, "si_sdr_imp": 1.5532398642598224, "sdr": 6.82665193658341, "sdr_imp": 4.724899060387851, "sir": Infinity, "sir_imp": NaN, "sar": 6.82665193658341, "sar_imp": 4.724899060387851, "stoi": 0.8435073274904574, "stoi_imp": 0.05286871839338104, "pesq": 1.3971098168293634, "pesq_imp": 0.2542055399815242}