{"si_sdr": 0.33714809582137967, "si_sdr_imp": -1.726181647572453, "sdr": 6.300833299891405, "sdr_imp": 4.199080423695845, "sir": Infinity, "sir_imp": NaN, "sar": 6.300833299891405, "sar_imp": 4.199080423695845, "stoi": 0.8617236491728096, "stoi_imp": 0.07108504007573327, "pesq": 1.5322870584726334, "pesq_imp": 0.389382781624794}